{
  "Ansi 1 Color": {
    "Red Component": 0.95294117647058818,
    "Color Space": "sRGB",
    "Blue Component": 0.6588235294117647,
    "Alpha Component": 1,
    "Green Component": 0.54509803921568623
  },
  "Tags": [],
  "Ansi 12 Color": {
    "Red Component": 0.53725490196078429,
    "Color Space": "sRGB",
    "Blue Component": 0.98039215686274506,
    "Alpha Component": 1,
    "Green Component": 0.70588235294117652
  },
  "Horizontal Spacing": 1,
  "Draw Powerline Glyphs": true,
  "Bold Color": {
    "Red Component": 0.80392156862745101,
    "Color Space": "sRGB",
    "Blue Component": 0.95686274509803926,
    "Alpha Component": 1,
    "Green Component": 0.83921568627450982
  },
  "Normal Font": "DankMono-Regular 17",
  "Custom Directory": "Recycle",
  "Link Color": {
    "Red Component": 0.53725490196078429,
    "Color Space": "sRGB",
    "Blue Component": 0.92156862745098034,
    "Alpha Component": 1,
    "Green Component": 0.86274509803921573
  },
  "Rows": 20,
  "Default Bookmark": "No",
  "Right Option Key Sends": 0,
  "Blend": 0.5,
  "Cursor Guide Color": {
    "Red Component": 0.80392156862745101,
    "Color Space": "sRGB",
    "Blue Component": 0.95686274509803926,
    "Alpha Component": 0.070000000000000007,
    "Green Component": 0.83921568627450982
  },
  "Non-ASCII Anti Aliased": true,
  "Use Bright Bold": true,
  "Ansi 10 Color": {
    "Red Component": 0.65098039215686276,
    "Color Space": "sRGB",
    "Blue Component": 0.63137254901960782,
    "Alpha Component": 1,
    "Green Component": 0.8901960784313725
  },
  "Ambiguous Double Width": false,
  "Jobs to Ignore": ["rlogin", "ssh", "slogin", "telnet"],
  "Show Status Bar": false,
  "Ansi 15 Color": {
    "Red Component": 0.65098039215686276,
    "Color Space": "sRGB",
    "Blue Component": 0.78431372549019607,
    "Alpha Component": 1,
    "Green Component": 0.67843137254901964
  },
  "Foreground Color": {
    "Red Component": 0.80392156862745101,
    "Color Space": "sRGB",
    "Blue Component": 0.95686274509803926,
    "Alpha Component": 1,
    "Green Component": 0.83921568627450982
  },
  "Working Directory": "$HOME",
  "Blinking Cursor": false,
  "Disable Window Resizing": true,
  "Sync Title": false,
  "Prompt Before Closing 2": false,
  "BM Growl": true,
  "Mouse Reporting": true,
  "Command": "",
  "Description": "Default",
  "Screen": -1,
  "Selection Color": {
    "Red Component": 0.34509803921568627,
    "Color Space": "sRGB",
    "Blue Component": 0.4392156862745098,
    "Alpha Component": 1,
    "Green Component": 0.35686274509803922
  },
  "Initial Use Transparency": true,
  "Columns": 95,
  "Idle Code": 0,
  "Ansi 13 Color": {
    "Red Component": 0.96078431372549022,
    "Color Space": "sRGB",
    "Blue Component": 0.90588235294117647,
    "Alpha Component": 1,
    "Green Component": 0.76078431372549016
  },
  "Brighten Bold Text": true,
  "Custom Command": "No",
  "ASCII Anti Aliased": true,
  "Non Ascii Font": "AlTarikh 12",
  "Vertical Spacing": 1,
  "Use Bold Font": true,
  "Option Key Sends": 0,
  "Selected Text Color": {
    "Red Component": 0.80392156862745101,
    "Color Space": "sRGB",
    "Blue Component": 0.95686274509803926,
    "Alpha Component": 1,
    "Green Component": 0.83921568627450982
  },
  "Background Color": {
    "Red Component": 0.11764705882352941,
    "Color Space": "sRGB",
    "Blue Component": 0.1803921568627451,
    "Alpha Component": 1,
    "Green Component": 0.11764705882352941
  },
  "Character Encoding": 4,
  "Ansi 11 Color": {
    "Red Component": 0.97647058823529409,
    "Color Space": "sRGB",
    "Blue Component": 0.68627450980392157,
    "Alpha Component": 1,
    "Green Component": 0.88627450980392153
  },
  "Use Italic Font": true,
  "Unlimited Scrollback": false,
  "Keyboard Map": {
    "0x33-0x200000-0x0": {
      "Action": 12,
      "Text": "3"
    },
    "0x2f-0x200000-0x0": {
      "Action": 12,
      "Text": "/"
    },
    "0x3-0x200000-0x0": {
      "Action": 11,
      "Text": "0xd"
    },
    "0x38-0x200000-0x0": {
      "Action": 12,
      "Text": "8"
    },
    "0xf728-0x80000-0x0": {
      "Action": 10,
      "Text": "d"
    },
    "0xf70e-0x20000-0x0": {
      "Action": 10,
      "Text": "[23;2~"
    },
    "0xf701-0x220000-0x0": {
      "Action": 10,
      "Text": "[1;2B"
    },
    "0x32-0x40000-0x0": {
      "Action": 11,
      "Text": "0x00"
    },
    "0xf700-0x240000-0x0": {
      "Action": 10,
      "Text": "[1;5A"
    },
    "0xf703-0x220000-0x0": {
      "Action": 10,
      "Text": "[1;2C"
    },
    "0xf70b-0x20000-0x0": {
      "Action": 10,
      "Text": "[19;2~"
    },
    "0xf702-0x240000-0x0": {
      "Action": 10,
      "Text": "[1;5D"
    },
    "0xf701-0x280000": {
      "Action": 11,
      "Text": "0x1b 0x1b 0x5b 0x42"
    },
    "0xf701-0x260000-0x0": {
      "Action": 10,
      "Text": "[1;6B"
    },
    "0xf72b-0x40000-0x0": {
      "Action": 10,
      "Text": "[1;5F"
    },
    "0xf703-0x260000-0x0": {
      "Action": 10,
      "Text": "[1;6C"
    },
    "0x31-0x200000-0x0": {
      "Action": 12,
      "Text": "1"
    },
    "0xf702-0x280000-0x0": {
      "Action": 10,
      "Text": "b"
    },
    "0x2d-0x200000-0x0": {
      "Action": 12,
      "Text": "-"
    },
    "0xf709-0x20000-0x0": {
      "Action": 10,
      "Text": "[17;2~"
    },
    "0xf700-0x280000": {
      "Action": 11,
      "Text": "0x1b 0x1b 0x5b 0x41"
    },
    "0x36-0x200000-0x0": {
      "Action": 12,
      "Text": "6"
    },
    "0xf706-0x20000-0x0": {
      "Action": 10,
      "Text": "[1;2R"
    },
    "0x36-0x40000-0x0": {
      "Action": 11,
      "Text": "0x1e"
    },
    "0xf729-0x40000-0x0": {
      "Action": 10,
      "Text": "[1;5H"
    },
    "0x2d-0x40000-0x0": {
      "Action": 11,
      "Text": "0x1f"
    },
    "0xf702-0x300000-0x0": {
      "Action": 11,
      "Text": "0x1"
    },
    "0x7f-0x80000-0x0": {
      "Action": 11,
      "Text": "0x1b 0x7f"
    },
    "0x33-0x40000-0x0": {
      "Action": 11,
      "Text": "0x1b"
    },
    "0x2b-0x200000-0x0": {
      "Action": 12,
      "Text": "+"
    },
    "0x34-0x200000-0x0": {
      "Action": 12,
      "Text": "4"
    },
    "0xf70d-0x20000-0x0": {
      "Action": 10,
      "Text": "[21;2~"
    },
    "0xf72b-0x20000-0x0": {
      "Action": 10,
      "Text": "[1;2F"
    },
    "0x39-0x200000-0x0": {
      "Action": 12,
      "Text": "9"
    },
    "0xf70a-0x20000-0x0": {
      "Action": 10,
      "Text": "[18;2~"
    },
    "0x37-0x40000-0x0": {
      "Action": 11,
      "Text": "0x1f"
    },
    "0xf708-0x20000-0x0": {
      "Action": 10,
      "Text": "[15;2~"
    },
    "0xf729-0x20000-0x0": {
      "Action": 10,
      "Text": "[1;2H"
    },
    "0xf700-0x220000-0x0": {
      "Action": 10,
      "Text": "[1;2A"
    },
    "0xf705-0x20000-0x0": {
      "Action": 10,
      "Text": "[1;2Q"
    },
    "0xf702-0x220000-0x0": {
      "Action": 10,
      "Text": "[1;2D"
    },
    "0x2e-0x200000-0x0": {
      "Action": 12,
      "Text": "."
    },
    "0x32-0x200000-0x0": {
      "Action": 12,
      "Text": "2"
    },
    "0xf701-0x240000-0x0": {
      "Action": 10,
      "Text": "[1;5B"
    },
    "0xf700-0x260000-0x0": {
      "Action": 10,
      "Text": "[1;6A"
    },
    "0x37-0x200000-0x0": {
      "Action": 12,
      "Text": "7"
    },
    "0xf703-0x240000-0x0": {
      "Action": 10,
      "Text": "[1;5C"
    },
    "0x34-0x40000-0x0": {
      "Action": 11,
      "Text": "0x1c"
    },
    "0xf702-0x260000-0x0": {
      "Action": 10,
      "Text": "[1;6D"
    },
    "0xf703-0x280000-0x0": {
      "Action": 10,
      "Text": "f"
    },
    "0xf70f-0x20000-0x0": {
      "Action": 10,
      "Text": "[24;2~"
    },
    "0x7f-0x100000-0x0": {
      "Action": 11,
      "Text": "0x15"
    },
    "0xf70c-0x20000-0x0": {
      "Action": 10,
      "Text": "[20;2~"
    },
    "0xf703-0x300000-0x0": {
      "Action": 11,
      "Text": "0x5"
    },
    "0x30-0x200000-0x0": {
      "Action": 12,
      "Text": "0"
    },
    "0x38-0x40000-0x0": {
      "Action": 11,