{
  "Link Color" : {
    "Red Component" : 0.53725490196078429,
    "Color Space" : "sRGB",
    "Blue Component" : 0.92156862745098034,
    "Alpha Component" : 1,
    "Green Component" : 0.86274509803921573
  },
  "Tags" : [

  ],
  "Ansi 12 Color" : {
    "Red Component" : 0.53725490196078429,
    "Color Space" : "sRGB",
    "Blue Component" : 0.98039215686274506,
    "Alpha Component" : 1,
    "Green Component" : 0.70588235294117652
  },
  "Ansi 7 Color" : {
    "Red Component" : 0.72941176470588232,
    "Color Space" : "sRGB",
    "Blue Component" : 0.87058823529411766,
    "Alpha Component" : 1,
    "Green Component" : 0.76078431372549016
  },
  "Ansi 8 Color" : {
    "Red Component" : 0.34509803921568627,
    "Color Space" : "sRGB",
    "Blue Component" : 0.4392156862745098,
    "Alpha Component" : 1,
    "Green Component" : 0.35686274509803922
  },
  "Bold Color" : {
    "Red Component" : 0.80392156862745101,
    "Color Space" : "sRGB",
    "Blue Component" : 0.95686274509803926,
    "Alpha Component" : 1,
    "Green Component" : 0.83921568627450982
  },
  "Ansi 9 Color" : {
    "Red Component" : 0.95294117647058818,
    "Color Space" : "sRGB",
    "Blue Component" : 0.6588235294117647,
    "Alpha Component" : 1,
    "Green Component" : 0.54509803921568623
  },
  "Horizontal Spacing" : 1,
  "Right Option Key Sends" : 0,
  "Rows" : 27,
  "Default Bookmark" : "No",
  "Cursor Guide Color" : {
    "Red Component" : 0.80392156862745101,
    "Color Space" : "sRGB",
    "Blue Component" : 0.95686274509803926,
    "Alpha Component" : 0.070000000000000007,
    "Green Component" : 0.83921568627450982
  },
  "Non-ASCII Anti Aliased" : true,
  "Use Bright Bold" : true,
  "Ansi 10 Color" : {
    "Red Component" : 0.65098039215686276,
    "Color Space" : "sRGB",
    "Blue Component" : 0.63137254901960782,
    "Alpha Component" : 1,
    "Green Component" : 0.8901960784313725
  },
  "Icon" : 0,
  "Ambiguous Double Width" : false,
  "Jobs to Ignore" : [
    "rlogin",
    "ssh",
    "slogin",
    "telnet"
  ],
  "Show Status Bar" : false,
  "Ansi 15 Color" : {
    "Red Component" : 0.65098039215686276,
    "Color Space" : "sRGB",
    "Blue Component" : 0.78431372549019607,
    "Alpha Component" : 1,
    "Green Component" : 0.67843137254901964
  },
  "Foreground Color" : {
    "Red Component" : 0.80392156862745101,
    "Color Space" : "sRGB",
    "Blue Component" : 0.95686274509803926,
    "Alpha Component" : 1,
    "Green Component" : 0.83921568627450982
  },
  "Working Directory" : "\/Users\/mohammed",
  "Blinking Cursor" : false,
  "Disable Window Resizing" : true,
  "Sync Title" : false,
  "Prompt Before Closing 2" : false,
  "BM Growl" : true,
  "Command" : "",
  "Description" : "Default",
  "Mouse Reporting" : true,
  "Screen" : -1,
  "Selection Color" : {
    "Red Component" : 0.34509803921568627,
    "Color Space" : "sRGB",
    "Blue Component" : 0.4392156862745098,
    "Alpha Component" : 1,
    "Green Component" : 0.35686274509803922
  },
  "Columns" : 115,
  "Idle Code" : 0,
  "Ansi 13 Color" : {
    "Red Component" : 0.96078431372549022,
    "Color Space" : "sRGB",
    "Blue Component" : 0.90588235294117647,
    "Alpha Component" : 1,
    "Green Component" : 0.76078431372549016
  },
  "Custom Command" : "No",
  "ASCII Anti Aliased" : true,
  "Non Ascii Font" : "Monaco 12",
  "Vertical Spacing" : 1,
  "Use Bold Font" : false,
  "Option Key Sends" : 0,
  "Selected Text Color" : {
    "Red Component" : 0.80392156862745101,
    "Color Space" : "sRGB",
    "Blue Component" : 0.95686274509803926,
    "Alpha Component" : 1,
    "Green Component" : 0.83921568627450982
  },
  "Background Color" : {
    "Red Component" : 0.11764705882352941,
    "Color Space" : "sRGB",
    "Blue Component" : 0.1803921568627451,
    "Alpha Component" : 1,
    "Green Component" : 0.11764705882352941
  },
  "Character Encoding" : 4,
  "Ansi 11 Color" : {
    "Red Component" : 0.97647058823529409,
    "Color Space" : "sRGB",
    "Blue Component" : 0.68627450980392157,
    "Alpha Component" : 1,
    "Green Component" : 0.88627450980392153
  },
  "Use Italic Font" : true,
  "Unlimited Scrollback" : false,
  "Keyboard Map" : {
    "0x33-0x200000-0x0" : {
      "Version" : 0,
      "Action" : 12,
      "Text" : "3",
      "Label" : ""
    },
    "0x2f-0x200000-0x0" : {
      "Version" : 0,
      "Action" : 12,
      "Text" : "\/",
      "Label" : ""
    },
    "0x3-0x200000-0x0" : {
      "Version" : 0,
      "Action" : 11,
      "Text" : "0xd",
      "Label" : ""
    },
    "0x38-0x200000-0x0" : {
      "Version" : 0,
      "Action" : 12,
      "Text" : "8",
      "Label" : ""
    },
    "0xf728-0x80000-0x0" : {
      "Version" : 0,
      "Action" : 10,
      "Text" : "d",
      "Label" : ""
    },
    "0xf70e-0x20000-0x0" : {
      "Version" : 0,
      "Action" : 10,
      "Text" : "[23;2~",
      "Label" : ""
    },
    "0xf701-0x220000-0x0" : {
      "Version" : 0,
      "Action" : 10,
      "Text" : "[1;2B",
      "Label" : ""
    },
    "0x32-0x40000-0x0" : {
      "Version" : 0,
      "Action" : 11,
      "Text" : "0x00",
      "Label" : ""
    },
    "0xf700-0x240000-0x0" : {
      "Version" : 0,
      "Action" : 10,
      "Text" : "[1;5A",
      "Label" : ""
    },
    "0xf703-0x220000-0x0" : {
      "Version" : 0,
      "Action" : 10,
      "Text" : "[1;2C",
      "Label" : ""
    },
    "0xf70b-0x20000-0x0" : {
      "Version" : 0,
      "Action" : 10,
      "Text" : "[19;2~",
      "Label" : ""
    },
    "0xf702-0x240000-0x0" : {
      "Version" : 0,
      "Action" : 10,
      "Text" : "[1;5D",
      "Label" : ""
    },
    "0xf701-0x260000-0x0" : {
      "Version" : 0,
      "Action" : 10,
      "Text" : "[1;6B",
      "Label" : ""
    },
    "0xf700-0x280000-0x0" : {
      "Version" : 0,
      "Action" : 11,
      "Text" : "0x1b 0x1b 0x5b 0x41",
      "Label" : ""
    },
    "0xf72b-0x40000-0x0" : {
      "Version" : 0,
      "Action" : 10,
      "Text" : "[1;5F",
      "Label" : ""
    },
    "0xf703-0x260000-0x0" : {
      "Version" : 0,
      "Action" : 10,
      "Text" : "[1;6C",
      "Label" : ""
    },
    "0x31-0x200000-0x0" : {
      "Version" : 0,
      "Action" : 12,
      "Text" : "1",
      "Label" : ""
    },
    "0xf702-0x280000-0x0" : {
      "Version" : 0,
      "Action" : 10,
      "Text" : "b",
      "Label" : ""
    },
    "0x2d-0x200000-0x0" : {
      "Version" : 0,
      "Action" : 12,
      "Text" : "-",
      "Label" : ""
    },
    "0xf709-0x20000-0x0" : {
      "Version" : 0,
      "Action" : 10,
      "Text" : "[17;2~",
      "Label" : ""
    },
    "0x36-0x200000-0x0" : {
      "Version" : 0,
      "Action" : 12,
      "Text" : "6",
      "Label" : ""
    },
    "0xf706-0x20000-0x0" : {
      "Version" : 0,
      "Action" : 10,
      "Text" : "[1;2R",
      "Label" : ""
    },
    "0x36-0x40000-0x0" : {
      "Version" : 0,
      "Action" : 11,
      "Text" : "0x1e",
      "Label" : ""
    },
    "0xf729-0x40000-0x0" : {
      "Version" : 0,
      "Action" : 10,
      "Text" : "[1;5H",
      "Label" : ""
    },
    "0x2d-0x40000-0x0" : {
      "Version" : 0,
      "Action" : 11,
      "Text" : "0x1f",
      "Label" : ""
    },
    "0xf702-0x300000-0x0" : {
      "Version" : 0,
      "Action" : 11,
      "Text" : "0x1",
      "Label" : ""
    },
    "0x7f-0x80000-0x0" : {
      "Version" : 0,
      "Action" : 11,
      "Text" : "0x1b 0x7f",
      "Label" : ""
    },
    "0x33-0x40000-0x0" : {
      "Version" : 0,
      "Action" : 11,
      "Text" : "0x1b",
      "Label" : ""
    },
    "0x2b-0x200000-0x0" : {
      "Version" : 0,
      "Action" : 12,
      "Text" : "+",
      "Label" : ""
    },
    "0x34-0x200000-0x0" : {
      "Version" : 0,
      "Action" : 12,
      "Text" : "4",
      "Label" : ""
    },
    "0xf70d-0x20000-0x0" : {
      "Version" : 0,
      "Action" : 10,
      "Text" : "[21;2~",
      "Label" : ""
    },
    "0xf72b-0x20000-0x0" : {
      "Version" : 0,
      "Action" : 10,
      "Text" : "[1;2F",